INSERT INTO my_user (id, name, email)
VALUES ('550e8400-e29b-41d4-a716-446655440000', 'John Doe', 'john@example.com'),
       ('550e8400-e29b-41d4-a716-446655440001', 'Jane Doe', 'jane@example.com');

INSERT INTO user_order (id, user_id, status, total_price)
VALUES ('550e8400-e29b-41d4-a716-446655440010','550e8400-e29b-41d4-a716-446655440000', 'NEW', 1125.00),
       ('550e8400-e29b-41d4-a716-446655440020','550e8400-e29b-41d4-a716-446655440001', 'NEW', 2250.00),
       ('550e8400-e29b-41d4-a716-446655440030','550e8400-e29b-41d4-a716-446655440000', 'NEW', 3375.00),
       ('550e8400-e29b-41d4-a716-446655440040','550e8400-e29b-41d4-a716-446655440001', 'NEW', 4500.00);


INSERT INTO good (id, name, price, order_id)
VALUES ('550e8400-e29b-41d4-a716-446655440100','Laptop', 1000.00, '550e8400-e29b-41d4-a716-446655440010'),
       ('550e8400-e29b-41d4-a716-446655440200','Mouse', 50.00, '550e8400-e29b-41d4-a716-446655440010'),
       ('550e8400-e29b-41d4-a716-446655440300','Keyboard', 75.00, '550e8400-e29b-41d4-a716-446655440010'),
       ('550e8400-e29b-41d4-a716-446655440400','Laptop', 2000.00, '550e8400-e29b-41d4-a716-446655440020'),
       ('550e8400-e29b-41d4-a716-446655440500','Mouse', 100.00, '550e8400-e29b-41d4-a716-446655440020'),
       ('550e8400-e29b-41d4-a716-446655440600','Keyboard', 150.00, '550e8400-e29b-41d4-a716-446655440020'),
       ('550e8400-e29b-41d4-a716-446655440700','Laptop', 3000.00, '550e8400-e29b-41d4-a716-446655440030'),
       ('550e8400-e29b-41d4-a716-446655440800','Mouse', 150.00, '550e8400-e29b-41d4-a716-446655440030'),
       ('550e8400-e29b-41d4-a716-446655440900','Keyboard', 225.00, '550e8400-e29b-41d4-a716-446655440030'),
       ('550e8400-e29b-41d4-a716-446655440110','Laptop', 4000.00, '550e8400-e29b-41d4-a716-446655440040'),
       ('550e8400-e29b-41d4-a716-446655440120','Mouse', 200.00, '550e8400-e29b-41d4-a716-446655440040'),
       ('550e8400-e29b-41d4-a716-446655440130','Keyboard', 300.00, '550e8400-e29b-41d4-a716-446655440040');